<?xml version="1.0" encoding="UTF-8"?>
<configurationDescriptor version="62">
  <logicalFolder name="root" displayName="root" projectFiles="true">
    <logicalFolder name="f1" displayName="Configuration" projectFiles="true">
      <itemPath>../install.txt</itemPath>
      <itemPath>../src/p18f-main.cfg</itemPath>
      <itemPath>../src/p18f14k22.cfg</itemPath>
      <itemPath>../src/p18f14k50.cfg</itemPath>
      <itemPath>../src/p18f2420-2520-4420-4520.cfg</itemPath>
      <itemPath>../src/p18f2423-2523-4423-4523.cfg</itemPath>
      <itemPath>../src/p18f2455-2550-4455-4550.cfg</itemPath>
      <itemPath>../src/p18f2458-2553-4458-4553.cfg</itemPath>
      <itemPath>../src/p18f2480-2580-4480-4580.cfg</itemPath>
      <itemPath>../src/p18f24k50-25k50-45k50.cfg</itemPath>
      <itemPath>../src/p18f2525-2620-4525-4620.cfg</itemPath>
      <itemPath>../src/p18f2585-2680-4585-4680.cfg</itemPath>
      <itemPath>../src/p18f2682-2685-4682-4685.cfg</itemPath>
      <itemPath>../src/p18f2x4xk20.cfg</itemPath>
      <itemPath>../src/p18f2x4xk22.cfg</itemPath>
      <itemPath>../src/p18f6722-family.cfg</itemPath>
      <itemPath>../src/p18f8722-family.cfg</itemPath>
      <itemPath>../src/p18f87k22-family.cfg</itemPath>
      <itemPath>../src/p18f87k90-family.cfg</itemPath>
      <itemPath>../src/p18fxx2xx8.cfg</itemPath>
    </logicalFolder>
    <logicalFolder name="HeaderFiles"
                   displayName="Header Files"
                   projectFiles="true">
    </logicalFolder>
    <logicalFolder name="LinkerScript"
                   displayName="Linker Files"
                   projectFiles="true">
      <itemPath>../lkr/FF_0000.lkr</itemPath>
    </logicalFolder>
    <logicalFolder name="SourceFiles"
                   displayName="Source Files"
                   projectFiles="true">
      <itemPath>../src/ff-pic18.asm</itemPath>
    </logicalFolder>
    <logicalFolder name="ExternalFiles"
                   displayName="Important Files"
                   projectFiles="false">
    </logicalFolder>
  </logicalFolder>
  <sourceRootList>
    <Elem>../</Elem>
  </sourceRootList>
  <projectmakefile>Makefile</projectmakefile>
  <confs>
    <conf name="default" type="2">
      <toolsSet>
        <developmentServer>localhost</developmentServer>
        <targetDevice>PIC18F2550</targetDevice>
        <targetHeader></targetHeader>
        <targetPluginBoard></targetPluginBoard>
        <platformTool>Simulator</platformTool>
        <languageToolchain>MPASMWIN</languageToolchain>
        <languageToolchainVersion>5.57</languageToolchainVersion>
        <platform>2</platform>
      </toolsSet>
      <compileType>
        <linkerTool>
          <linkerLibItems>
          </linkerLibItems>
        </linkerTool>
        <archiverTool>
        </archiverTool>
        <loading>
          <useAlternateLoadableFile>false</useAlternateLoadableFile>
          <parseOnProdLoad>false</parseOnProdLoad>
          <alternateLoadableFile></alternateLoadableFile>
        </loading>
      </compileType>
      <makeCustomizationType>
        <makeCustomizationPreStepEnabled>false</makeCustomizationPreStepEnabled>
        <makeCustomizationPreStep></makeCustomizationPreStep>
        <makeCustomizationPostStepEnabled>false</makeCustomizationPostStepEnabled>
        <makeCustomizationPostStep></makeCustomizationPostStep>
        <makeCustomizationPutChecksumInUserID>false</makeCustomizationPutChecksumInUserID>
        <makeCustomizationEnableLongLines>false</makeCustomizationEnableLongLines>
        <makeCustomizationNormalizeHexFile>false</makeCustomizationNormalizeHexFile>
      </makeCustomizationType>
      <MPASMWIN-AS>
        <property key="cross.reference.file" value=""/>
        <property key="default.radix" value="HEX"/>
        <property key="enable.case.sensitivity" value="true"/>
        <property key="hex.output.format" value="INHX32"/>
        <property key="preprocessor.macros" value=""/>
        <property key="warning.level" value="0"/>
      </MPASMWIN-AS>
      <MPASMWIN-LD>
        <property key="cod-file" value="false"/>
        <property key="extra-lib-directories" value=""/>
        <property key="hex-output-format" value="INHX32"/>
        <property key="map-file" value="ff,map"/>
      </MPASMWIN-LD>
      <mpasmsuite>
        <property key="absolute-mode" value="false"/>
        <property key="eeprom-width" value="8"/>
        <property key="extended-mode" value="false"/>
        <property key="extended-mode-mpasm" value="false"/>
        <property key="extended-mode-mplink" value="false"/>
      </mpasmsuite>
    </conf>
  </confs>
</configurationDescriptor>
